gw,entry_id,element,slot,multiplier,is_captain,is_vice,active_chip,observed_utc
2,7133,82,1,1,0,0,,2026-08-29T14:36:55.087406+00:00
2,7133,229,2,1,0,0,,2026-08-29T14:36:55.087406+00:00
2,7133,4,3,2,1,0,,2026-08-29T14:36:55.087406+00:00
2,7133,391,4,1,0,0,,2026-08-29T14:36:55.087406+00:00
2,7133,154,5,1,0,1,,2026-08-29T14:36:55.087406+00:00
2,7133,427,6,1,0,0,,2026-08-29T14:36:55.087406+00:00
2,7133,398,7,1,0,0,,2026-08-29T14:36:55.087406+00:00
2,7133,12,8,1,0,0,,2026-08-29T14:36:55.087406+00:00
2,7133,399,9,1,0,0,,2026-08-29T14:36:55.087406+00:00
2,7133,165,10,1,0,0,,2026-08-29T14:36:55.087406+00:00
2,7133,106,11,1,0,0,,2026-08-29T14:36:55.087406+00:00
2,7133,109,12,0,0,0,,2026-08-29T14:36:55.087406+00:00
2,7133,316,13,0,0,0,,2026-08-29T14:36:55.087406+00:00
2,7133,115,14,0,0,0,,2026-08-29T14:36:55.087406+00:00
2,7133,305,15,0,0,0,,2026-08-29T14:36:55.087406+00:00
2,12315,496,1,1,0,0,,2026-08-29T14:36:55.087406+00:00
2,12315,115,2,1,0,0,,2026-08-29T14:36:55.087406+00:00
2,12315,8,3,1,0,0,,2026-08-29T14:36:55.087406+00:00
2,12315,4,4,1,0,0,,2026-08-29T14:36:55.087406+00:00
2,12315,236,5,1,0,0,,2026-08-29T14:36:55.087406+00:00
2,12315,367,6,1,0,0,,2026-08-29T14:36:55.087406+00:00
2,12315,368,7,1,0,0,,2026-08-29T14:36:55.087406+00:00
2,12315,397,8,1,0,0,,2026-08-29T14:36:55.087406+00:00
2,12315,346,9,1,0,0,,2026-08-29T14:36:55.087406+00:00
2,12315,165,10,1,0,1,,2026-08-29T14:36:55.087406+00:00
2,12315,411,11,2,1,0,,2026-08-29T14:36:55.087406+00:00
2,12315,250,12,0,0,0,,2026-08-29T14:36:55.087406+00:00
2,12315,335,13,0,0,0,,2026-08-29T14:36:55.087406+00:00
2,12315,532,14,0,0,0,,2026-08-29T14:36:55.087406+00:00
2,12315,304,15,0,0,0,,2026-08-29T14:36:55.087406+00:00
2,15748,496,1,1,0,0,,2026-08-29T14:36:55.087406+00:00
2,15748,8,2,1,0,0,,2026-08-29T14:36:55.087406+00:00
2,15748,10,3,1,0,0,,2026-08-29T14:36:55.087406+00:00
2,15748,423,4,1,0,0,,2026-08-29T14:36:55.087406+00:00
2,15748,237,5,1,0,0,,2026-08-29T14:36:55.087406+00:00
2,15748,427,6,1,0,1,,2026-08-29T14:36:55.087406+00:00
2,15748,154,7,1,0,0,,2026-08-29T14:36:55.087406+00:00
2,15748,398,8,1,0,0,,2026-08-29T14:36:55.087406+00:00
2,15748,411,9,2,1,0,,2026-08-29T14:36:55.087406+00:00
2,15748,346,10,1,0,0,,2026-08-29T14:36:55.087406+00:00
2,15748,165,11,1,0,0,,2026-08-29T14:36:55.087406+00:00
2,15748,109,12,0,0,0,,2026-08-29T14:36:55.087406+00:00
2,15748,391,13,0,0,0,,2026-08-29T14:36:55.087406+00:00
2,15748,123,14,0,0,0,,2026-08-29T14:36:55.087406+00:00
2,15748,87,15,0,0,0,,2026-08-29T14:36:55.087406+00:00
2,23702,496,1,1,0,0,,2026-08-29T14:36:55.087406+00:00
2,23702,10,2,1,0,0,,2026-08-29T14:36:55.087406+00:00
2,23702,8,3,1,0,0,,2026-08-29T14:36:55.087406+00:00
2,23702,334,4,1,0,0,,2026-08-29T14:36:55.087406+00:00
2,23702,427,5,1,0,0,,2026-08-29T14:36:55.087406+00:00
2,23702,94,6,1,0,0,,2026-08-29T14:36:55.087406+00:00
2,23702,480,7,1,0,0,,2026-08-29T14:36:55.087406+00:00
2,23702,368,8,1,0,0,,2026-08-29T14:36:55.087406+00:00
2,23702,379,9,1,0,0,,2026-08-29T14:36:55.087406+00:00
2,23702,165,10,1,0,1,,2026-08-29T14:36:55.087406+00:00
2,23702,411,11,2,1,0,,2026-08-29T14:36:55.087406+00:00
2,23702,109,12,0,0,0,,2026-08-29T14:36:55.087406+00:00
2,23702,565,13,0,0,0,,2026-08-29T14:36:55.087406+00:00
2,23702,87,14,0,0,0,,2026-08-29T14:36:55.087406+00:00
2,23702,305,15,0,0,0,,2026-08-29T14:36:55.087406+00:00
2,43242,572,1,1,0,0,,2026-08-29T14:36:55.087406+00:00
2,43242,10,2,1,0,0,,2026-08-29T14:36:55.087406+00:00
2,43242,8,3,1,0,0,,2026-08-29T14:36:55.087406+00:00
2,43242,387,4,1,0,0,,2026-08-29T14:36:55.087406+00:00
2,43242,115,5,1,0,0,,2026-08-29T14:36:55.087406+00:00
2,43242,362,6,1,0,0,,2026-08-29T14:36:55.087406+00:00
2,43242,15,7,1,0,1,,2026-08-29T14:36:55.087406+00:00
2,43242,576,8,1,0,0,,2026-08-29T14:36:55.087406+00:00
2,43242,379,9,1,0,0,,2026-08-29T14:36:55.087406+00:00
2,43242,411,10,2,1,0,,2026-08-29T14:36:55.087406+00:00
2,43242,165,11,1,0,0,,2026-08-29T14:36:55.087406+00:00
2,43242,109,12,0,0,0,,2026-08-29T14:36:55.087406+00:00
2,43242,366,13,0,0,0,,2026-08-29T14:36:55.087406+00:00
2,43242,236,14,0,0,0,,2026-08-29T14:36:55.087406+00:00
2,43242,123,15,0,0,0,,2026-08-29T14:36:55.087406+00:00
2,51749,496,1,1,0,0,wildcard,2026-08-29T14:36:55.087406+00:00
2,51749,418,2,1,0,0,wildcard,2026-08-29T14:36:55.087406+00:00
2,51749,10,3,1,0,0,wildcard,2026-08-29T14:36:55.087406+00:00
2,51749,387,4,1,0,0,wildcard,2026-08-29T14:36:55.087406+00:00
2,51749,154,5,1,0,0,wildcard,2026-08-29T14:36:55.087406+00:00
2,51749,399,6,1,0,0,wildcard,2026-08-29T14:36:55.087406+00:00
2,51749,427,7,1,0,1,wildcard,2026-08-29T14:36:55.087406+00:00
2,51749,367,8,1,0,0,wildcard,2026-08-29T14:36:55.087406+00:00
2,51749,411,9,2,1,0,wildcard,2026-08-29T14:36:55.087406+00:00
2,51749,249,10,1,0,0,wildcard,2026-08-29T14:36:55.087406+00:00
2,51749,165,11,1,0,0,wildcard,2026-08-29T14:36:55.087406+00:00
2,51749,109,12,0,0,0,wildcard,2026-08-29T14:36:55.087406+00:00
2,51749,98,13,0,0,0,wildcard,2026-08-29T14:36:55.087406+00:00
2,51749,175,14,0,0,0,wildcard,2026-08-29T14:36:55.087406+00:00
2,51749,115,15,0,0,0,wildcard,2026-08-29T14:36:55.087406+00:00
2,75019,82,1,1,0,0,wildcard,2026-08-29T14:36:55.087406+00:00
2,75019,115,2,1,0,0,wildcard,2026-08-29T14:36:55.087406+00:00
2,75019,8,3,1,0,0,wildcard,2026-08-29T14:36:55.087406+00:00
2,75019,391,4,1,0,0,wildcard,2026-08-29T14:36:55.087406+00:00
2,75019,399,5,1,0,0,wildcard,2026-08-29T14:36:55.087406+00:00
2,75019,557,6,1,0,0,wildcard,2026-08-29T14:36:55.087406+00:00
2,75019,368,7,1,0,0,wildcard,2026-08-29T14:36:55.087406+00:00
2,75019,154,8,1,0,0,wildcard,2026-08-29T14:36:55.087406+00:00
2,75019,411,9,2,1,0,wildcard,2026-08-29T14:36:55.087406+00:00
2,75019,569,10,1,0,0,wildcard,2026-08-29T14:36:55.087406+00:00
2,75019,165,11,1,0,1,wildcard,2026-08-29T14:36:55.087406+00:00
2,75019,301,12,0,0,0,wildcard,2026-08-29T14:36:55.087406+00:00
2,75019,565,13,0,0,0,wildcard,2026-08-29T14:36:55.087406+00:00
2,75019,334,14,0,0,0,wildcard,2026-08-29T14:36:55.087406+00:00
2,75019,31,15,0,0,0,wildcard,2026-08-29T14:36:55.087406+00:00
2,78714,496,1,1,0,0,,2026-08-29T14:36:55.087406+00:00
2,78714,8,2,1,0,0,,2026-08-29T14:36:55.087406+00:00
2,78714,423,3,1,0,0,,2026-08-29T14:36:55.087406+00:00
2,78714,10,4,1,0,0,,2026-08-29T14:36:55.087406+00:00
2,78714,40,5,1,0,0,,2026-08-29T14:36:55.087406+00:00
2,78714,236,6,1,0,0,,2026-08-29T14:36:55.087406+00:00
2,78714,366,7,1,0,0,,2026-08-29T14:36:55.087406+00:00
2,78714,368,8,1,0,0,,2026-08-29T14:36:55.087406+00:00
2,78714,165,9,1,0,1,,2026-08-29T14:36:55.087406+00:00
2,78714,411,10,2,1,0,,2026-08-29T14:36:55.087406+00:00
2,78714,379,11,1,0,0,,2026-08-29T14:36:55.087406+00:00
2,78714,109,12,0,0,0,,2026-08-29T14:36:55.087406+00:00
2,78714,15,13,0,0,0,,2026-08-29T14:36:55.087406+00:00
2,78714,88,14,0,0,0,,2026-08-29T14:36:55.087406+00:00
2,78714,305,15,0,0,0,,2026-08-29T14:36:55.087406+00:00
2,79172,496,1,1,0,0,,2026-08-29T14:36:55.087406+00:00
2,79172,10,2,1,0,0,,2026-08-29T14:36:55.087406+00:00
2,79172,8,3,1,0,0,,2026-08-29T14:36:55.087406+00:00
2,79172,142,4,1,0,0,,2026-08-29T14:36:55.087406+00:00
2,79172,115,5,1,0,0,,2026-08-29T14:36:55.087406+00:00
2,79172,483,6,1,0,0,,2026-08-29T14:36:55.087406+00:00
2,79172,154,7,1,0,1,,2026-08-29T14:36:55.087406+00:00
2,79172,398,8,1,0,0,,2026-08-29T14:36:55.087406+00:00
2,79172,26,9,1,0,0,,2026-08-29T14:36:55.087406+00:00
2,79172,411,10,2,1,0,,2026-08-29T14:36:55.087406+00:00
2,79172,379,11,1,0,0,,2026-08-29T14:36:55.087406+00:00
2,79172,109,12,0,0,0,,2026-08-29T14:36:55.087406+00:00
2,79172,514,13,0,0,0,,2026-08-29T14:36:55.087406+00:00
2,79172,123,14,0,0,0,,2026-08-29T14:36:55.087406+00:00
2,79172,305,15,0,0,0,,2026-08-29T14:36:55.087406+00:00
2,79671,496,1,1,0,0,,2026-08-29T14:36:55.087406+00:00
2,79671,8,2,1,0,0,,2026-08-29T14:36:55.087406+00:00
2,79671,418,3,1,0,0,,2026-08-29T14:36:55.087406+00:00
2,79671,10,4,1,0,0,,2026-08-29T14:36:55.087406+00:00
2,79671,427,5,1,0,0,,2026-08-29T14:36:55.087406+00:00
2,79671,398,6,1,0,0,,2026-08-29T14:36:55.087406+00:00
2,79671,368,7,1,0,0,,2026-08-29T14:36:55.087406+00:00
2,79671,557,8,1,0,0,,2026-08-29T14:36:55.087406+00:00
2,79671,165,9,1,0,1,,2026-08-29T14:36:55.087406+00:00
2,79671,411,10,2,1,0,,2026-08-29T14:36:55.087406+00:00
2,79671,379,11,1,0,0,,2026-08-29T14:36:55.087406+00:00
2,79671,109,12,0,0,0,,2026-08-29T14:36:55.087406+00:00
2,79671,115,13,0,0,0,,2026-08-29T14:36:55.087406+00:00
2,79671,237,14,0,0,0,,2026-08-29T14:36:55.087406+00:00
2,79671,259,15,0,0,0,,2026-08-29T14:36:55.087406+00:00
2,82796,412,1,1,0,0,,2026-08-29T14:36:55.087406+00:00
2,82796,8,2,1,0,0,,2026-08-29T14:36:55.087406+00:00
2,82796,469,3,1,0,0,,2026-08-29T14:36:55.087406+00:00
2,82796,423,4,1,0,0,,2026-08-29T14:36:55.087406+00:00
2,82796,480,5,1,0,0,,2026-08-29T14:36:55.087406+00:00
2,82796,154,6,1,0,0,,2026-08-29T14:36:55.087406+00:00
2,82796,368,7,1,0,0,,2026-08-29T14:36:55.087406+00:00
2,82796,398,8,1,0,0,,2026-08-29T14:36:55.087406+00:00
2,82796,346,9,1,0,0,,2026-08-29T14:36:55.087406+00:00
2,82796,165,10,1,0,1,,2026-08-29T14:36:55.087406+00:00
2,82796,411,11,2,1,0,,2026-08-29T14:36:55.087406+00:00
2,82796,109,12,0,0,0,,2026-08-29T14:36:55.087406+00:00
2,82796,237,13,0,0,0,,2026-08-29T14:36:55.087406+00:00
2,82796,233,14,0,0,0,,2026-08-29T14:36:55.087406+00:00
2,82796,473,15,0,0,0,,2026-08-29T14:36:55.087406+00:00
2,83229,496,1,1,0,0,3xc,2026-08-29T14:36:55.087406+00:00
2,83229,8,2,1,0,0,3xc,2026-08-29T14:36:55.087406+00:00
2,83229,10,3,1,0,0,3xc,2026-08-29T14:36:55.087406+00:00
2,83229,391,4,1,0,0,3xc,2026-08-29T14:36:55.087406+00:00
2,83229,565,5,1,0,0,3xc,2026-08-29T14:36:55.087406+00:00
2,83229,557,6,1,0,1,3xc,2026-08-29T14:36:55.087406+00:00
2,83229,427,7,1,0,0,3xc,2026-08-29T14:36:55.087406+00:00
2,83229,366,8,1,0,0,3xc,2026-08-29T14:36:55.087406+00:00
2,83229,379,9,1,0,0,3xc,2026-08-29T14:36:55.087406+00:00
2,83229,165,10,1,0,0,3xc,2026-08-29T14:36:55.087406+00:00
2,83229,411,11,3,1,0,3xc,2026-08-29T14:36:55.087406+00:00
2,83229,109,12,0,0,0,3xc,2026-08-29T14:36:55.087406+00:00
2,83229,124,13,0,0,0,3xc,2026-08-29T14:36:55.087406+00:00
2,83229,423,14,0,0,0,3xc,2026-08-29T14:36:55.087406+00:00
2,83229,586,15,0,0,0,3xc,2026-08-29T14:36:55.087406+00:00
2,146633,82,1,1,0,0,,2026-08-29T14:36:55.087406+00:00
2,146633,8,2,1,0,0,,2026-08-29T14:36:55.087406+00:00
2,146633,334,3,1,0,0,,2026-08-29T14:36:55.087406+00:00
2,146633,418,4,1,0,0,,2026-08-29T14:36:55.087406+00:00
2,146633,565,5,1,0,0,,2026-08-29T14:36:55.087406+00:00
2,146633,427,6,1,0,0,,2026-08-29T14:36:55.087406+00:00
2,146633,368,7,1,0,0,,2026-08-29T14:36:55.087406+00:00
2,146633,557,8,1,0,0,,2026-08-29T14:36:55.087406+00:00
2,146633,379,9,1,0,0,,2026-08-29T14:36:55.087406+00:00
2,146633,411,10,2,1,0,,2026-08-29T14:36:55.087406+00:00
2,146633,165,11,1,0,1,,2026-08-29T14:36:55.087406+00:00
2,146633,496,12,0,0,0,,2026-08-29T14:36:55.087406+00:00
2,146633,236,13,0,0,0,,2026-08-29T14:36:55.087406+00:00
2,146633,10,14,0,0,0,,2026-08-29T14:36:55.087406+00:00
2,146633,305,15,0,0,0,,2026-08-29T14:36:55.087406+00:00
2,147030,1,1,1,0,0,,2026-08-29T14:36:55.087406+00:00
2,147030,391,2,1,0,0,,2026-08-29T14:36:55.087406+00:00
2,147030,115,3,1,0,0,,2026-08-29T14:36:55.087406+00:00
2,147030,8,4,1,0,0,,2026-08-29T14:36:55.087406+00:00
2,147030,557,5,1,0,0,,2026-08-29T14:36:55.087406+00:00
2,147030,399,6,1,0,0,,2026-08-29T14:36:55.087406+00:00
2,147030,40,7,1,0,0,,2026-08-29T14:36:55.087406+00:00
2,147030,427,8,1,0,0,,2026-08-29T14:36:55.087406+00:00
2,147030,565,9,1,0,0,,2026-08-29T14:36:55.087406+00:00
2,147030,411,10,2,1,0,,2026-08-29T14:36:55.087406+00:00
2,147030,165,11,1,0,1,,2026-08-29T14:36:55.087406+00:00
2,147030,496,12,0,0,0,,2026-08-29T14:36:55.087406+00:00
2,147030,346,13,0,0,0,,2026-08-29T14:36:55.087406+00:00
2,147030,534,14,0,0,0,,2026-08-29T14:36:55.087406+00:00
2,147030,423,15,0,0,0,,2026-08-29T14:36:55.087406+00:00
2,209335,496,1,1,0,0,,2026-08-29T14:36:55.087406+00:00
2,209335,8,2,1,0,0,,2026-08-29T14:36:55.087406+00:00
2,209335,391,3,1,0,0,,2026-08-29T14:36:55.087406+00:00
2,209335,10,4,1,0,0,,2026-08-29T14:36:55.087406+00:00
2,209335,565,5,1,0,0,,2026-08-29T14:36:55.087406+00:00
2,209335,368,6,1,0,0,,2026-08-29T14:36:55.087406+00:00
2,209335,427,7,1,0,1,,2026-08-29T14:36:55.087406+00:00
2,209335,397,8,1,0,0,,2026-08-29T14:36:55.087406+00:00
2,209335,411,9,2,1,0,,2026-08-29T14:36:55.087406+00:00
2,209335,346,10,1,0,0,,2026-08-29T14:36:55.087406+00:00
2,209335,165,11,1,0,0,,2026-08-29T14:36:55.087406+00:00
2,209335,109,12,0,0,0,,2026-08-29T14:36:55.087406+00:00
2,209335,237,13,0,0,0,,2026-08-29T14:36:55.087406+00:00
2,209335,334,14,0,0,0,,2026-08-29T14:36:55.087406+00:00
2,209335,84,15,0,0,0,,2026-08-29T14:36:55.087406+00:00
2,241700,496,1,1,0,0,,2026-08-29T14:36:55.087406+00:00
2,241700,115,2,1,0,0,,2026-08-29T14:36:55.087406+00:00
2,241700,87,3,1,0,0,,2026-08-29T14:36:55.087406+00:00
2,241700,8,4,1,0,0,,2026-08-29T14:36:55.087406+00:00
2,241700,154,5,1,0,0,,2026-08-29T14:36:55.087406+00:00
2,241700,565,6,1,0,0,,2026-08-29T14:36:55.087406+00:00
2,241700,366,7,1,0,0,,2026-08-29T14:36:55.087406+00:00
2,241700,557,8,1,0,0,,2026-08-29T14:36:55.087406+00:00
2,241700,165,9,1,0,0,,2026-08-29T14:36:55.087406+00:00
2,241700,411,10,2,1,0,,2026-08-29T14:36:55.087406+00:00
2,241700,379,11,1,0,1,,2026-08-29T14:36:55.087406+00:00
2,241700,109,12,0,0,0,,2026-08-29T14:36:55.087406+00:00
2,241700,398,13,0,0,0,,2026-08-29T14:36:55.087406+00:00
2,241700,304,14,0,0,0,,2026-08-29T14:36:55.087406+00:00
2,241700,473,15,0,0,0,,2026-08-29T14:36:55.087406+00:00
2,325638,1,1,1,0,0,,2026-08-29T14:36:55.087406+00:00
2,325638,8,2,1,0,0,,2026-08-29T14:36:55.087406+00:00
2,325638,418,3,1,0,0,,2026-08-29T14:36:55.087406+00:00
2,325638,391,4,1,0,0,,2026-08-29T14:36:55.087406+00:00
2,325638,398,5,1,0,0,,2026-08-29T14:36:55.087406+00:00
2,325638,557,6,1,0,0,,2026-08-29T14:36:55.087406+00:00
2,325638,427,7,1,0,0,,2026-08-29T14:36:55.087406+00:00
2,325638,237,8,1,0,0,,2026-08-29T14:36:55.087406+00:00
2,325638,379,9,1,0,1,,2026-08-29T14:36:55.087406+00:00
2,325638,165,10,1,0,0,,2026-08-29T14:36:55.087406+00:00
2,325638,411,11,2,1,0,,2026-08-29T14:36:55.087406+00:00
2,325638,109,12,0,0,0,,2026-08-29T14:36:55.087406+00:00
2,325638,115,13,0,0,0,,2026-08-29T14:36:55.087406+00:00
2,325638,423,14,0,0,0,,2026-08-29T14:36:55.087406+00:00
2,325638,127,15,0,0,0,,2026-08-29T14:36:55.087406+00:00
2,404530,496,1,1,0,0,,2026-08-29T14:36:55.087406+00:00
2,404530,532,2,1,0,0,,2026-08-29T14:36:55.087406+00:00
2,404530,8,3,1,0,0,,2026-08-29T14:36:55.087406+00:00
2,404530,334,4,1,0,0,,2026-08-29T14:36:55.087406+00:00
2,404530,366,5,1,0,0,,2026-08-29T14:36:55.087406+00:00
2,404530,565,6,1,0,0,,2026-08-29T14:36:55.087406+00:00
2,404530,15,7,1,0,0,,2026-08-29T14:36:55.087406+00:00
2,404530,154,8,1,0,1,,2026-08-29T14:36:55.087406+00:00
2,404530,379,9,1,0,0,,2026-08-29T14:36:55.087406+00:00
2,404530,411,10,2,1,0,,2026-08-29T14:36:55.087406+00:00
2,404530,165,11,1,0,0,,2026-08-29T14:36:55.087406+00:00
2,404530,109,12,0,0,0,,2026-08-29T14:36:55.087406+00:00
2,404530,87,13,0,0,0,,2026-08-29T14:36:55.087406+00:00
2,404530,123,14,0,0,0,,2026-08-29T14:36:55.087406+00:00
2,404530,305,15,0,0,0,,2026-08-29T14:36:55.087406+00:00
2,468137,57,1,1,0,0,wildcard,2026-08-29T14:36:55.087406+00:00
2,468137,87,2,1,0,0,wildcard,2026-08-29T14:36:55.087406+00:00
2,468137,391,3,1,0,0,wildcard,2026-08-29T14:36:55.087406+00:00
2,468137,8,4,1,0,0,wildcard,2026-08-29T14:36:55.087406+00:00
2,468137,399,5,1,0,0,wildcard,2026-08-29T14:36:55.087406+00:00
2,468137,154,6,1,0,1,wildcard,2026-08-29T14:36:55.087406+00:00
2,468137,368,7,1,0,0,wildcard,2026-08-29T14:36:55.087406+00:00
2,468137,557,8,1,0,0,wildcard,2026-08-29T14:36:55.087406+00:00
2,468137,165,9,1,0,0,wildcard,2026-08-29T14:36:55.087406+00:00
2,468137,106,10,1,0,0,wildcard,2026-08-29T14:36:55.087406+00:00
2,468137,411,11,2,1,0,wildcard,2026-08-29T14:36:55.087406+00:00
2,468137,109,12,0,0,0,wildcard,2026-08-29T14:36:55.087406+00:00
2,468137,565,13,0,0,0,wildcard,2026-08-29T14:36:55.087406+00:00
2,468137,115,14,0,0,0,wildcard,2026-08-29T14:36:55.087406+00:00
2,468137,304,15,0,0,0,wildcard,2026-08-29T14:36:55.087406+00:00
2,565086,496,1,1,0,0,,2026-08-29T14:36:55.087406+00:00
2,565086,8,2,1,0,0,,2026-08-29T14:36:55.087406+00:00
2,565086,356,3,1,0,0,,2026-08-29T14:36:55.087406+00:00
2,565086,10,4,1,0,0,,2026-08-29T14:36:55.087406+00:00
2,565086,427,5,1,0,0,,2026-08-29T14:36:55.087406+00:00
2,565086,15,6,1,0,0,,2026-08-29T14:36:55.087406+00:00
2,565086,565,7,1,0,0,,2026-08-29T14:36:55.087406+00:00
2,565086,398,8,1,0,0,,2026-08-29T14:36:55.087406+00:00
2,565086,411,9,2,1,0,,2026-08-29T14:36:55.087406+00:00
2,565086,379,10,1,0,1,,2026-08-29T14:36:55.087406+00:00
2,565086,165,11,1,0,0,,2026-08-29T14:36:55.087406+00:00
2,565086,109,12,0,0,0,,2026-08-29T14:36:55.087406+00:00
2,565086,237,13,0,0,0,,2026-08-29T14:36:55.087406+00:00
2,565086,87,14,0,0,0,,2026-08-29T14:36:55.087406+00:00
2,565086,259,15,0,0,0,,2026-08-29T14:36:55.087406+00:00
2,576881,350,1,1,0,0,freehit,2026-08-29T14:36:55.087406+00:00
2,576881,115,2,1,0,0,freehit,2026-08-29T14:36:55.087406+00:00
2,576881,10,3,1,0,0,freehit,2026-08-29T14:36:55.087406+00:00
2,576881,8,4,1,0,0,freehit,2026-08-29T14:36:55.087406+00:00
2,576881,154,5,1,0,0,freehit,2026-08-29T14:36:55.087406+00:00
2,576881,368,6,1,0,0,freehit,2026-08-29T14:36:55.087406+00:00
2,576881,557,7,1,0,0,freehit,2026-08-29T14:36:55.087406+00:00
2,576881,399,8,1,0,0,freehit,2026-08-29T14:36:55.087406+00:00
2,576881,427,9,1,0,0,freehit,2026-08-29T14:36:55.087406+00:00
2,576881,411,10,2,1,0,freehit,2026-08-29T14:36:55.087406+00:00
2,576881,165,11,1,0,1,freehit,2026-08-29T14:36:55.087406+00:00
2,576881,58,12,0,0,0,freehit,2026-08-29T14:36:55.087406+00:00
2,576881,249,13,0,0,0,freehit,2026-08-29T14:36:55.087406+00:00
2,576881,304,14,0,0,0,freehit,2026-08-29T14:36:55.087406+00:00
2,576881,277,15,0,0,0,freehit,2026-08-29T14:36:55.087406+00:00
2,679374,57,1,1,0,0,freehit,2026-08-29T14:36:55.087406+00:00
2,679374,151,2,1,0,0,freehit,2026-08-29T14:36:55.087406+00:00
2,679374,391,3,1,0,0,freehit,2026-08-29T14:36:55.087406+00:00
2,679374,423,4,1,0,0,freehit,2026-08-29T14:36:55.087406+00:00
2,679374,557,5,1,0,0,freehit,2026-08-29T14:36:55.087406+00:00
2,679374,399,6,1,0,0,freehit,2026-08-29T14:36:55.087406+00:00
2,679374,426,7,1,0,1,freehit,2026-08-29T14:36:55.087406+00:00
2,679374,40,8,1,0,0,freehit,2026-08-29T14:36:55.087406+00:00
2,679374,427,9,1,0,0,freehit,2026-08-29T14:36:55.087406+00:00
2,679374,165,10,1,0,0,freehit,2026-08-29T14:36:55.087406+00:00
2,679374,411,11,2,1,0,freehit,2026-08-29T14:36:55.087406+00:00
2,679374,301,12,0,0,0,freehit,2026-08-29T14:36:55.087406+00:00
2,679374,279,13,0,0,0,freehit,2026-08-29T14:36:55.087406+00:00
2,679374,305,14,0,0,0,freehit,2026-08-29T14:36:55.087406+00:00
2,679374,528,15,0,0,0,freehit,2026-08-29T14:36:55.087406+00:00
2,916625,385,1,1,0,0,,2026-08-29T14:36:55.087406+00:00
2,916625,87,2,1,0,0,,2026-08-29T14:36:55.087406+00:00
2,916625,334,3,1,0,0,,2026-08-29T14:36:55.087406+00:00
2,916625,329,4,1,0,0,,2026-08-29T14:36:55.087406+00:00
2,916625,15,5,1,0,0,,2026-08-29T14:36:55.087406+00:00
2,916625,366,6,1,0,0,,2026-08-29T14:36:55.087406+00:00
2,916625,557,7,1,0,0,,2026-08-29T14:36:55.087406+00:00
2,916625,367,8,1,0,0,,2026-08-29T14:36:55.087406+00:00
2,916625,411,9,1,0,1,,2026-08-29T14:36:55.087406+00:00
2,916625,165,10,1,0,0,,2026-08-29T14:36:55.087406+00:00
2,916625,379,11,2,1,0,,2026-08-29T14:36:55.087406+00:00
2,916625,109,12,0,0,0,,2026-08-29T14:36:55.087406+00:00
2,916625,40,13,0,0,0,,2026-08-29T14:36:55.087406+00:00
2,916625,115,14,0,0,0,,2026-08-29T14:36:55.087406+00:00
2,916625,504,15,0,0,0,,2026-08-29T14:36:55.087406+00:00
2,940477,1,1,1,0,0,,2026-08-29T14:36:55.087406+00:00
2,940477,391,2,1,0,0,,2026-08-29T14:36:55.087406+00:00
2,940477,10,3,1,0,0,,2026-08-29T14:36:55.087406+00:00
2,940477,8,4,1,0,0,,2026-08-29T14:36:55.087406+00:00
2,940477,398,5,1,0,0,,2026-08-29T14:36:55.087406+00:00
2,940477,335,6,1,0,0,,2026-08-29T14:36:55.087406+00:00
2,940477,237,7,1,0,0,,2026-08-29T14:36:55.087406+00:00
2,940477,368,8,1,0,0,,2026-08-29T14:36:55.087406+00:00
2,940477,346,9,1,0,0,,2026-08-29T14:36:55.087406+00:00
2,940477,411,10,2,1,0,,2026-08-29T14:36:55.087406+00:00
2,940477,379,11,1,0,1,,2026-08-29T14:36:55.087406+00:00
2,940477,109,12,0,0,0,,2026-08-29T14:36:55.087406+00:00
2,940477,542,13,0,0,0,,2026-08-29T14:36:55.087406+00:00
2,940477,358,14,0,0,0,,2026-08-29T14:36:55.087406+00:00
2,940477,334,15,0,0,0,,2026-08-29T14:36:55.087406+00:00
2,964751,1,1,1,0,0,3xc,2026-08-29T14:36:55.087406+00:00
2,964751,391,2,1,0,0,3xc,2026-08-29T14:36:55.087406+00:00
2,964751,418,3,1,0,0,3xc,2026-08-29T14:36:55.087406+00:00
2,964751,8,4,1,0,0,3xc,2026-08-29T14:36:55.087406+00:00
2,964751,368,5,1,0,0,3xc,2026-08-29T14:36:55.087406+00:00
2,964751,397,6,1,0,0,3xc,2026-08-29T14:36:55.087406+00:00
2,964751,427,7,1,0,1,3xc,2026-08-29T14:36:55.087406+00:00
2,964751,557,8,1,0,0,3xc,2026-08-29T14:36:55.087406+00:00
2,964751,346,9,1,0,0,3xc,2026-08-29T14:36:55.087406+00:00
2,964751,411,10,3,1,0,3xc,2026-08-29T14:36:55.087406+00:00
2,964751,165,11,1,0,0,3xc,2026-08-29T14:36:55.087406+00:00
2,964751,109,12,0,0,0,3xc,2026-08-29T14:36:55.087406+00:00
2,964751,237,13,0,0,0,3xc,2026-08-29T14:36:55.087406+00:00
2,964751,115,14,0,0,0,3xc,2026-08-29T14:36:55.087406+00:00
2,964751,304,15,0,0,0,3xc,2026-08-29T14:36:55.087406+00:00
2,1024308,412,1,1,0,0,,2026-08-29T14:36:55.087406+00:00
2,1024308,8,2,1,0,0,,2026-08-29T14:36:55.087406+00:00
2,1024308,10,3,1,0,0,,2026-08-29T14:36:55.087406+00:00
2,1024308,391,4,1,0,0,,2026-08-29T14:36:55.087406+00:00
2,1024308,427,5,1,0,0,,2026-08-29T14:36:55.087406+00:00
2,1024308,154,6,1,0,1,,2026-08-29T14:36:55.087406+00:00
2,1024308,398,7,1,0,0,,2026-08-29T14:36:55.087406+00:00
2,1024308,565,8,1,0,0,,2026-08-29T14:36:55.087406+00:00
2,1024308,411,9,2,1,0,,2026-08-29T14:36:55.087406+00:00
2,1024308,346,10,1,0,0,,2026-08-29T14:36:55.087406+00:00
2,1024308,165,11,1,0,0,,2026-08-29T14:36:55.087406+00:00
2,1024308,496,12,0,0,0,,2026-08-29T14:36:55.087406+00:00
2,1024308,423,13,0,0,0,,2026-08-29T14:36:55.087406+00:00
2,1024308,237,14,0,0,0,,2026-08-29T14:36:55.087406+00:00
2,1024308,115,15,0,0,0,,2026-08-29T14:36:55.087406+00:00
2,1030142,496,1,1,0,0,wildcard,2026-08-29T14:36:55.087406+00:00
2,1030142,391,2,1,0,0,wildcard,2026-08-29T14:36:55.087406+00:00
2,1030142,387,3,1,0,0,wildcard,2026-08-29T14:36:55.087406+00:00
2,1030142,8,4,1,0,0,wildcard,2026-08-29T14:36:55.087406+00:00
2,1030142,557,5,1,0,0,wildcard,2026-08-29T14:36:55.087406+00:00
2,1030142,154,6,1,0,1,wildcard,2026-08-29T14:36:55.087406+00:00
2,1030142,15,7,1,0,0,wildcard,2026-08-29T14:36:55.087406+00:00
2,1030142,368,8,1,0,0,wildcard,2026-08-29T14:36:55.087406+00:00
2,1030142,379,9,1,0,0,wildcard,2026-08-29T14:36:55.087406+00:00
2,1030142,411,10,2,1,0,wildcard,2026-08-29T14:36:55.087406+00:00
2,1030142,165,11,1,0,0,wildcard,2026-08-29T14:36:55.087406+00:00
2,1030142,497,12,0,0,0,wildcard,2026-08-29T14:36:55.087406+00:00
2,1030142,290,13,0,0,0,wildcard,2026-08-29T14:36:55.087406+00:00
2,1030142,173,14,0,0,0,wildcard,2026-08-29T14:36:55.087406+00:00
2,1030142,175,15,0,0,0,wildcard,2026-08-29T14:36:55.087406+00:00
2,1228262,496,1,1,0,0,,2026-08-29T14:36:55.087406+00:00
2,1228262,10,2,1,0,0,,2026-08-29T14:36:55.087406+00:00
2,1228262,391,3,1,0,0,,2026-08-29T14:36:55.087406+00:00
2,1228262,8,4,1,0,0,,2026-08-29T14:36:55.087406+00:00
2,1228262,367,5,1,0,0,,2026-08-29T14:36:55.087406+00:00
2,1228262,397,6,1,0,0,,2026-08-29T14:36:55.087406+00:00
2,1228262,427,7,1,0,1,,2026-08-29T14:36:55.087406+00:00
2,1228262,557,8,1,0,0,,2026-08-29T14:36:55.087406+00:00
2,1228262,411,9,2,1,0,,2026-08-29T14:36:55.087406+00:00
2,1228262,165,10,1,0,0,,2026-08-29T14:36:55.087406+00:00
2,1228262,552,11,1,0,0,,2026-08-29T14:36:55.087406+00:00
2,1228262,109,12,0,0,0,,2026-08-29T14:36:55.087406+00:00
2,1228262,418,13,0,0,0,,2026-08-29T14:36:55.087406+00:00
2,1228262,123,14,0,0,0,,2026-08-29T14:36:55.087406+00:00
2,1228262,473,15,0,0,0,,2026-08-29T14:36:55.087406+00:00
2,1267190,57,1,1,0,0,,2026-08-29T14:36:55.087406+00:00
2,1267190,329,2,1,0,0,,2026-08-29T14:36:55.087406+00:00
2,1267190,8,3,1,0,0,,2026-08-29T14:36:55.087406+00:00
2,1267190,388,4,1,0,0,,2026-08-29T14:36:55.087406+00:00
2,1267190,15,5,1,0,0,,2026-08-29T14:36:55.087406+00:00
2,1267190,427,6,1,0,0,,2026-08-29T14:36:55.087406+00:00
2,1267190,557,7,1,0,0,,2026-08-29T14:36:55.087406+00:00
2,1267190,154,8,1,0,1,,2026-08-29T14:36:55.087406+00:00
2,1267190,165,9,1,0,0,,2026-08-29T14:36:55.087406+00:00
2,1267190,346,10,1,0,0,,2026-08-29T14:36:55.087406+00:00
2,1267190,411,11,2,1,0,,2026-08-29T14:36:55.087406+00:00
2,1267190,109,12,0,0,0,,2026-08-29T14:36:55.087406+00:00
2,1267190,565,13,0,0,0,,2026-08-29T14:36:55.087406+00:00
2,1267190,84,14,0,0,0,,2026-08-29T14:36:55.087406+00:00
2,1267190,259,15,0,0,0,,2026-08-29T14:36:55.087406+00:00
2,1490744,496,1,1,0,0,,2026-08-29T14:36:55.087406+00:00
2,1490744,8,2,1,0,0,,2026-08-29T14:36:55.087406+00:00
2,1490744,10,3,1,0,0,,2026-08-29T14:36:55.087406+00:00
2,1490744,387,4,1,0,0,,2026-08-29T14:36:55.087406+00:00
2,1490744,427,5,1,0,1,,2026-08-29T14:36:55.087406+00:00
2,1490744,397,6,1,0,0,,2026-08-29T14:36:55.087406+00:00
2,1490744,368,7,1,0,0,,2026-08-29T14:36:55.087406+00:00
2,1490744,15,8,1,0,0,,2026-08-29T14:36:55.087406+00:00
2,1490744,552,9,1,0,0,,2026-08-29T14:36:55.087406+00:00
2,1490744,165,10,1,0,0,,2026-08-29T14:36:55.087406+00:00
2,1490744,411,11,2,1,0,,2026-08-29T14:36:55.087406+00:00
2,1490744,109,12,0,0,0,,2026-08-29T14:36:55.087406+00:00
2,1490744,565,13,0,0,0,,2026-08-29T14:36:55.087406+00:00
2,1490744,329,14,0,0,0,,2026-08-29T14:36:55.087406+00:00
2,1490744,473,15,0,0,0,,2026-08-29T14:36:55.087406+00:00
2,1564313,1,1,1,0,0,,2026-08-29T14:36:55.087406+00:00
2,1564313,418,2,1,0,0,,2026-08-29T14:36:55.087406+00:00
2,1564313,391,3,1,0,0,,2026-08-29T14:36:55.087406+00:00
2,1564313,334,4,1,0,0,,2026-08-29T14:36:55.087406+00:00
2,1564313,427,5,1,0,0,,2026-08-29T14:36:55.087406+00:00
2,1564313,368,6,1,0,0,,2026-08-29T14:36:55.087406+00:00
2,1564313,154,7,1,0,0,,2026-08-29T14:36:55.087406+00:00
2,1564313,557,8,1,0,0,,2026-08-29T14:36:55.087406+00:00
2,1564313,565,9,1,0,0,,2026-08-29T14:36:55.087406+00:00
2,1564313,411,10,2,1,0,,2026-08-29T14:36:55.087406+00:00
2,1564313,165,11,1,0,1,,2026-08-29T14:36:55.087406+00:00
2,1564313,496,12,0,0,0,,2026-08-29T14:36:55.087406+00:00
2,1564313,346,13,0,0,0,,2026-08-29T14:36:55.087406+00:00
2,1564313,115,14,0,0,0,,2026-08-29T14:36:55.087406+00:00
2,1564313,305,15,0,0,0,,2026-08-29T14:36:55.087406+00:00
2,1614153,496,1,1,0,1,,2026-08-29T14:36:55.087406+00:00
2,1614153,10,2,1,0,0,,2026-08-29T14:36:55.087406+00:00
2,1614153,502,3,1,0,0,,2026-08-29T14:36:55.087406+00:00
2,1614153,391,4,1,0,0,,2026-08-29T14:36:55.087406+00:00
2,1614153,236,5,1,0,0,,2026-08-29T14:36:55.087406+00:00
2,1614153,15,6,1,0,0,,2026-08-29T14:36:55.087406+00:00
2,1614153,367,7,1,0,0,,2026-08-29T14:36:55.087406+00:00
2,1614153,427,8,1,0,0,,2026-08-29T14:36:55.087406+00:00
2,1614153,411,9,2,1,0,,2026-08-29T14:36:55.087406+00:00
2,1614153,379,10,1,0,0,,2026-08-29T14:36:55.087406+00:00
2,1614153,165,11,1,0,0,,2026-08-29T14:36:55.087406+00:00
2,1614153,109,12,0,0,0,,2026-08-29T14:36:55.087406+00:00
2,1614153,557,13,0,0,0,,2026-08-29T14:36:55.087406+00:00
2,1614153,329,14,0,0,0,,2026-08-29T14:36:55.087406+00:00
2,1614153,473,15,0,0,0,,2026-08-29T14:36:55.087406+00:00
2,1687579,496,1,1,0,0,,2026-08-29T14:36:55.087406+00:00
2,1687579,534,2,1,0,0,,2026-08-29T14:36:55.087406+00:00
2,1687579,391,3,1,0,0,,2026-08-29T14:36:55.087406+00:00
2,1687579,423,4,1,0,0,,2026-08-29T14:36:55.087406+00:00
2,1687579,398,5,1,0,0,,2026-08-29T14:36:55.087406+00:00
2,1687579,154,6,1,0,1,,2026-08-29T14:36:55.087406+00:00
2,1687579,366,7,1,0,0,,2026-08-29T14:36:55.087406+00:00
2,1687579,95,8,1,0,0,,2026-08-29T14:36:55.087406+00:00
2,1687579,165,9,1,0,0,,2026-08-29T14:36:55.087406+00:00
2,1687579,411,10,2,1,0,,2026-08-29T14:36:55.087406+00:00
2,1687579,379,11,1,0,0,,2026-08-29T14:36:55.087406+00:00
2,1687579,109,12,0,0,0,,2026-08-29T14:36:55.087406+00:00
2,1687579,115,13,0,0,0,,2026-08-29T14:36:55.087406+00:00
2,1687579,565,14,0,0,0,,2026-08-29T14:36:55.087406+00:00
2,1687579,305,15,0,0,0,,2026-08-29T14:36:55.087406+00:00
2,2003932,1,1,1,0,0,wildcard,2026-08-29T14:36:55.087406+00:00
2,2003932,8,2,1,0,0,wildcard,2026-08-29T14:36:55.087406+00:00
2,2003932,88,3,1,0,0,wildcard,2026-08-29T14:36:55.087406+00:00
2,2003932,391,4,1,0,0,wildcard,2026-08-29T14:36:55.087406+00:00
2,2003932,154,5,1,0,1,wildcard,2026-08-29T14:36:55.087406+00:00
2,2003932,557,6,1,0,0,wildcard,2026-08-29T14:36:55.087406+00:00
2,2003932,40,7,1,0,0,wildcard,2026-08-29T14:36:55.087406+00:00
2,2003932,399,8,1,0,0,wildcard,2026-08-29T14:36:55.087406+00:00
2,2003932,165,9,1,0,0,wildcard,2026-08-29T14:36:55.087406+00:00
2,2003932,411,10,2,1,0,wildcard,2026-08-29T14:36:55.087406+00:00
2,2003932,249,11,1,0,0,wildcard,2026-08-29T14:36:55.087406+00:00
2,2003932,496,12,0,0,0,wildcard,2026-08-29T14:36:55.087406+00:00
2,2003932,565,13,0,0,0,wildcard,2026-08-29T14:36:55.087406+00:00
2,2003932,115,14,0,0,0,wildcard,2026-08-29T14:36:55.087406+00:00
2,2003932,233,15,0,0,0,wildcard,2026-08-29T14:36:55.087406+00:00
2,2071968,496,1,1,0,0,3xc,2026-08-29T14:36:55.087406+00:00
2,2071968,8,2,1,0,0,3xc,2026-08-29T14:36:55.087406+00:00
2,2071968,115,3,1,0,0,3xc,2026-08-29T14:36:55.087406+00:00
2,2071968,391,4,1,0,0,3xc,2026-08-29T14:36:55.087406+00:00
2,2071968,534,5,1,0,0,3xc,2026-08-29T14:36:55.087406+00:00
2,2071968,15,6,1,0,0,3xc,2026-08-29T14:36:55.087406+00:00
2,2071968,427,7,1,0,1,3xc,2026-08-29T14:36:55.087406+00:00
2,2071968,397,8,1,0,0,3xc,2026-08-29T14:36:55.087406+00:00
2,2071968,379,9,1,0,0,3xc,2026-08-29T14:36:55.087406+00:00
2,2071968,411,10,3,1,0,3xc,2026-08-29T14:36:55.087406+00:00
2,2071968,165,11,1,0,0,3xc,2026-08-29T14:36:55.087406+00:00
2,2071968,109,12,0,0,0,3xc,2026-08-29T14:36:55.087406+00:00
2,2071968,124,13,0,0,0,3xc,2026-08-29T14:36:55.087406+00:00
2,2071968,423,14,0,0,0,3xc,2026-08-29T14:36:55.087406+00:00
2,2071968,237,15,0,0,0,3xc,2026-08-29T14:36:55.087406+00:00
2,2212828,412,1,1,0,0,,2026-08-29T14:36:55.087406+00:00
2,2212828,10,2,1,0,0,,2026-08-29T14:36:55.087406+00:00
2,2212828,8,3,1,0,0,,2026-08-29T14:36:55.087406+00:00
2,2212828,387,4,1,0,0,,2026-08-29T14:36:55.087406+00:00
2,2212828,565,5,1,0,0,,2026-08-29T14:36:55.087406+00:00
2,2212828,557,6,1,0,0,,2026-08-29T14:36:55.087406+00:00
2,2212828,427,7,1,0,0,,2026-08-29T14:36:55.087406+00:00
2,2212828,335,8,1,0,0,,2026-08-29T14:36:55.087406+00:00
2,2212828,379,9,1,0,0,,2026-08-29T14:36:55.087406+00:00
2,2212828,411,10,2,1,0,,2026-08-29T14:36:55.087406+00:00
2,2212828,165,11,1,0,1,,2026-08-29T14:36:55.087406+00:00
2,2212828,109,12,0,0,0,,2026-08-29T14:36:55.087406+00:00
2,2212828,237,13,0,0,0,,2026-08-29T14:36:55.087406+00:00
2,2212828,329,14,0,0,0,,2026-08-29T14:36:55.087406+00:00
2,2212828,115,15,0,0,0,,2026-08-29T14:36:55.087406+00:00
2,2222035,496,1,1,0,0,,2026-08-29T14:36:55.087406+00:00
2,2222035,423,2,1,0,0,,2026-08-29T14:36:55.087406+00:00
2,2222035,387,3,1,0,0,,2026-08-29T14:36:55.087406+00:00
2,2222035,8,4,1,0,0,,2026-08-29T14:36:55.087406+00:00
2,2222035,399,5,1,0,1,,2026-08-29T14:36:55.087406+00:00
2,2222035,367,6,1,0,0,,2026-08-29T14:36:55.087406+00:00
2,2222035,15,7,1,0,0,,2026-08-29T14:36:55.087406+00:00
2,2222035,557,8,1,0,0,,2026-08-29T14:36:55.087406+00:00
2,2222035,379,9,1,0,0,,2026-08-29T14:36:55.087406+00:00
2,2222035,165,10,1,0,0,,2026-08-29T14:36:55.087406+00:00
2,2222035,411,11,2,1,0,,2026-08-29T14:36:55.087406+00:00
2,2222035,109,12,0,0,0,,2026-08-29T14:36:55.087406+00:00
2,2222035,523,13,0,0,0,,2026-08-29T14:36:55.087406+00:00
2,2222035,233,14,0,0,0,,2026-08-29T14:36:55.087406+00:00
2,2222035,473,15,0,0,0,,2026-08-29T14:36:55.087406+00:00
2,2237954,496,1,1,0,0,,2026-08-29T14:36:55.087406+00:00
2,2237954,8,2,1,0,0,,2026-08-29T14:36:55.087406+00:00
2,2237954,334,3,1,0,0,,2026-08-29T14:36:55.087406+00:00
2,2237954,391,4,1,0,0,,2026-08-29T14:36:55.087406+00:00
2,2237954,427,5,1,0,1,,2026-08-29T14:36:55.087406+00:00
2,2237954,154,6,1,0,0,,2026-08-29T14:36:55.087406+00:00
2,2237954,237,7,1,0,0,,2026-08-29T14:36:55.087406+00:00
2,2237954,15,8,1,0,0,,2026-08-29T14:36:55.087406+00:00
2,2237954,165,9,1,0,0,,2026-08-29T14:36:55.087406+00:00
2,2237954,346,10,1,0,0,,2026-08-29T14:36:55.087406+00:00
2,2237954,411,11,2,1,0,,2026-08-29T14:36:55.087406+00:00
2,2237954,109,12,0,0,0,,2026-08-29T14:36:55.087406+00:00
2,2237954,565,13,0,0,0,,2026-08-29T14:36:55.087406+00:00
2,2237954,10,14,0,0,0,,2026-08-29T14:36:55.087406+00:00
2,2237954,362,15,0,0,0,,2026-08-29T14:36:55.087406+00:00
2,2413003,412,1,1,0,0,,2026-08-29T14:36:55.087406+00:00
2,2413003,115,2,1,0,0,,2026-08-29T14:36:55.087406+00:00
2,2413003,10,3,1,0,0,,2026-08-29T14:36:55.087406+00:00
2,2413003,8,4,1,0,0,,2026-08-29T14:36:55.087406+00:00
2,2413003,427,5,1,0,0,,2026-08-29T14:36:55.087406+00:00
2,2413003,15,6,1,0,1,,2026-08-29T14:36:55.087406+00:00
2,2413003,94,7,1,0,0,,2026-08-29T14:36:55.087406+00:00
2,2413003,368,8,1,0,0,,2026-08-29T14:36:55.087406+00:00
2,2413003,165,9,1,0,0,,2026-08-29T14:36:55.087406+00:00
2,2413003,411,10,2,1,0,,2026-08-29T14:36:55.087406+00:00
2,2413003,379,11,1,0,0,,2026-08-29T14:36:55.087406+00:00
2,2413003,109,12,0,0,0,,2026-08-29T14:36:55.087406+00:00
2,2413003,237,13,0,0,0,,2026-08-29T14:36:55.087406+00:00
2,2413003,362,14,0,0,0,,2026-08-29T14:36:55.087406+00:00
2,2413003,233,15,0,0,0,,2026-08-29T14:36:55.087406+00:00
2,2494481,496,1,1,0,0,,2026-08-29T14:36:55.087406+00:00
2,2494481,10,2,1,0,0,,2026-08-29T14:36:55.087406+00:00
2,2494481,8,3,1,0,0,,2026-08-29T14:36:55.087406+00:00
2,2494481,418,4,1,0,0,,2026-08-29T14:36:55.087406+00:00
2,2494481,368,5,1,0,0,,2026-08-29T14:36:55.087406+00:00
2,2494481,366,6,1,0,0,,2026-08-29T14:36:55.087406+00:00
2,2494481,398,7,1,0,0,,2026-08-29T14:36:55.087406+00:00
2,2494481,15,8,1,0,0,,2026-08-29T14:36:55.087406+00:00
2,2494481,379,9,1,0,1,,2026-08-29T14:36:55.087406+00:00
2,2494481,411,10,2,1,0,,2026-08-29T14:36:55.087406+00:00
2,2494481,165,11,1,0,0,,2026-08-29T14:36:55.087406+00:00
2,2494481,109,12,0,0,0,,2026-08-29T14:36:55.087406+00:00
2,2494481,565,13,0,0,0,,2026-08-29T14:36:55.087406+00:00
2,2494481,334,14,0,0,0,,2026-08-29T14:36:55.087406+00:00
2,2494481,305,15,0,0,0,,2026-08-29T14:36:55.087406+00:00
2,2498578,496,1,1,0,0,,2026-08-29T14:36:55.087406+00:00
2,2498578,8,2,1,0,0,,2026-08-29T14:36:55.087406+00:00
2,2498578,152,3,1,0,0,,2026-08-29T14:36:55.087406+00:00
2,2498578,423,4,1,0,0,,2026-08-29T14:36:55.087406+00:00
2,2498578,391,5,1,0,0,,2026-08-29T14:36:55.087406+00:00
2,2498578,427,6,1,0,1,,2026-08-29T14:36:55.087406+00:00
2,2498578,557,7,1,0,0,,2026-08-29T14:36:55.087406+00:00
2,2498578,368,8,1,0,0,,2026-08-29T14:36:55.087406+00:00
2,2498578,411,9,2,1,0,,2026-08-29T14:36:55.087406+00:00
2,2498578,379,10,1,0,0,,2026-08-29T14:36:55.087406+00:00
2,2498578,165,11,1,0,0,,2026-08-29T14:36:55.087406+00:00
2,2498578,109,12,0,0,0,,2026-08-29T14:36:55.087406+00:00
2,2498578,565,13,0,0,0,,2026-08-29T14:36:55.087406+00:00
2,2498578,123,14,0,0,0,,2026-08-29T14:36:55.087406+00:00
2,2498578,504,15,0,0,0,,2026-08-29T14:36:55.087406+00:00
2,2535247,412,1,1,0,0,,2026-08-29T14:36:55.087406+00:00
2,2535247,391,2,1,0,0,,2026-08-29T14:36:55.087406+00:00
2,2535247,11,3,1,0,0,,2026-08-29T14:36:55.087406+00:00
2,2535247,8,4,1,0,0,,2026-08-29T14:36:55.087406+00:00
2,2535247,427,5,1,0,1,,2026-08-29T14:36:55.087406+00:00
2,2535247,237,6,1,0,0,,2026-08-29T14:36:55.087406+00:00
2,2535247,399,7,1,0,0,,2026-08-29T14:36:55.087406+00:00
2,2535247,368,8,1,0,0,,2026-08-29T14:36:55.087406+00:00
2,2535247,379,9,1,0,0,,2026-08-29T14:36:55.087406+00:00
2,2535247,411,10,2,1,0,,2026-08-29T14:36:55.087406+00:00
2,2535247,165,11,1,0,0,,2026-08-29T14:36:55.087406+00:00
2,2535247,109,12,0,0,0,,2026-08-29T14:36:55.087406+00:00
2,2535247,290,13,0,0,0,,2026-08-29T14:36:55.087406+00:00
2,2535247,473,14,0,0,0,,2026-08-29T14:36:55.087406+00:00
2,2535247,259,15,0,0,0,,2026-08-29T14:36:55.087406+00:00
2,2654663,496,1,1,0,0,,2026-08-29T14:36:55.087406+00:00
2,2654663,423,2,1,0,0,,2026-08-29T14:36:55.087406+00:00
2,2654663,8,3,1,0,0,,2026-08-29T14:36:55.087406+00:00
2,2654663,334,4,1,0,0,,2026-08-29T14:36:55.087406+00:00
2,2654663,399,5,1,0,0,,2026-08-29T14:36:55.087406+00:00
2,2654663,426,6,1,0,1,,2026-08-29T14:36:55.087406+00:00
2,2654663,565,7,1,0,0,,2026-08-29T14:36:55.087406+00:00
2,2654663,557,8,1,0,0,,2026-08-29T14:36:55.087406+00:00
2,2654663,165,9,1,0,0,,2026-08-29T14:36:55.087406+00:00
2,2654663,411,10,2,1,0,,2026-08-29T14:36:55.087406+00:00
2,2654663,552,11,1,0,0,,2026-08-29T14:36:55.087406+00:00
2,2654663,109,12,0,0,0,,2026-08-29T14:36:55.087406+00:00
2,2654663,10,13,0,0,0,,2026-08-29T14:36:55.087406+00:00
2,2654663,115,14,0,0,0,,2026-08-29T14:36:55.087406+00:00
2,2654663,127,15,0,0,0,,2026-08-29T14:36:55.087406+00:00
2,2857253,496,1,1,0,0,,2026-08-29T14:36:55.087406+00:00
2,2857253,8,2,1,0,0,,2026-08-29T14:36:55.087406+00:00
2,2857253,387,3,1,0,0,,2026-08-29T14:36:55.087406+00:00
2,2857253,10,4,1,0,0,,2026-08-29T14:36:55.087406+00:00
2,2857253,40,5,1,0,0,,2026-08-29T14:36:55.087406+00:00
2,2857253,427,6,1,0,0,,2026-08-29T14:36:55.087406+00:00
2,2857253,368,7,1,0,0,,2026-08-29T14:36:55.087406+00:00
2,2857253,15,8,1,0,1,,2026-08-29T14:36:55.087406+00:00
2,2857253,236,9,1,0,0,,2026-08-29T14:36:55.087406+00:00
2,2857253,411,10,2,1,0,,2026-08-29T14:36:55.087406+00:00
2,2857253,165,11,1,0,0,,2026-08-29T14:36:55.087406+00:00
2,2857253,109,12,0,0,0,,2026-08-29T14:36:55.087406+00:00
2,2857253,423,13,0,0,0,,2026-08-29T14:36:55.087406+00:00
2,2857253,115,14,0,0,0,,2026-08-29T14:36:55.087406+00:00
2,2857253,527,15,0,0,0,,2026-08-29T14:36:55.087406+00:00
2,3381298,496,1,1,0,0,,2026-08-29T14:36:55.087406+00:00
2,3381298,356,2,1,0,0,,2026-08-29T14:36:55.087406+00:00
2,3381298,8,3,1,0,0,,2026-08-29T14:36:55.087406+00:00
2,3381298,115,4,1,0,0,,2026-08-29T14:36:55.087406+00:00
2,3381298,391,5,1,0,0,,2026-08-29T14:36:55.087406+00:00
2,3381298,368,6,1,0,0,,2026-08-29T14:36:55.087406+00:00
2,3381298,427,7,1,0,0,,2026-08-29T14:36:55.087406+00:00
2,3381298,12,8,1,0,1,,2026-08-29T14:36:55.087406+00:00
2,3381298,165,9,1,0,0,,2026-08-29T14:36:55.087406+00:00
2,3381298,411,10,2,1,0,,2026-08-29T14:36:55.087406+00:00
2,3381298,552,11,1,0,0,,2026-08-29T14:36:55.087406+00:00
2,3381298,109,12,0,0,0,,2026-08-29T14:36:55.087406+00:00
2,3381298,542,13,0,0,0,,2026-08-29T14:36:55.087406+00:00
2,3381298,88,14,0,0,0,,2026-08-29T14:36:55.087406+00:00
2,3381298,127,15,0,0,0,,2026-08-29T14:36:55.087406+00:00
2,3690779,1,1,1,0,0,,2026-08-29T14:36:55.087406+00:00
2,3690779,391,2,1,0,0,,2026-08-29T14:36:55.087406+00:00
2,3690779,8,3,1,0,0,,2026-08-29T14:36:55.087406+00:00
2,3690779,418,4,1,0,0,,2026-08-29T14:36:55.087406+00:00
2,3690779,426,5,1,0,1,,2026-08-29T14:36:55.087406+00:00
2,3690779,236,6,1,0,0,,2026-08-29T14:36:55.087406+00:00
2,3690779,335,7,1,0,0,,2026-08-29T14:36:55.087406+00:00
2,3690779,557,8,1,0,0,,2026-08-29T14:36:55.087406+00:00
2,3690779,411,9,2,1,0,,2026-08-29T14:36:55.087406+00:00
2,3690779,552,10,1,0,0,,2026-08-29T14:36:55.087406+00:00
2,3690779,165,11,1,0,0,,2026-08-29T14:36:55.087406+00:00
2,3690779,109,12,0,0,0,,2026-08-29T14:36:55.087406+00:00
2,3690779,329,13,0,0,0,,2026-08-29T14:36:55.087406+00:00
2,3690779,115,14,0,0,0,,2026-08-29T14:36:55.087406+00:00
2,3690779,290,15,0,0,0,,2026-08-29T14:36:55.087406+00:00
2,3774699,496,1,1,0,0,,2026-08-29T14:36:55.087406+00:00
2,3774699,8,2,1,0,0,,2026-08-29T14:36:55.087406+00:00
2,3774699,357,3,1,0,0,,2026-08-29T14:36:55.087406+00:00
2,3774699,423,4,1,0,0,,2026-08-29T14:36:55.087406+00:00
2,3774699,367,5,1,0,0,,2026-08-29T14:36:55.087406+00:00
2,3774699,557,6,1,0,0,,2026-08-29T14:36:55.087406+00:00
2,3774699,427,7,1,0,0,,2026-08-29T14:36:55.087406+00:00
2,3774699,398,8,1,0,0,,2026-08-29T14:36:55.087406+00:00
2,3774699,411,9,2,1,0,,2026-08-29T14:36:55.087406+00:00
2,3774699,379,10,1,0,1,,2026-08-29T14:36:55.087406+00:00
2,3774699,165,11,1,0,0,,2026-08-29T14:36:55.087406+00:00
2,3774699,109,12,0,0,0,,2026-08-29T14:36:55.087406+00:00
2,3774699,237,13,0,0,0,,2026-08-29T14:36:55.087406+00:00
2,3774699,115,14,0,0,0,,2026-08-29T14:36:55.087406+00:00
2,3774699,305,15,0,0,0,,2026-08-29T14:36:55.087406+00:00
2,3907126,1,1,1,0,0,,2026-08-29T14:36:55.087406+00:00
2,3907126,8,2,1,0,0,,2026-08-29T14:36:55.087406+00:00
2,3907126,391,3,1,0,0,,2026-08-29T14:36:55.087406+00:00
2,3907126,87,4,1,0,0,,2026-08-29T14:36:55.087406+00:00
2,3907126,366,5,1,0,0,,2026-08-29T14:36:55.087406+00:00
2,3907126,557,6,1,0,0,,2026-08-29T14:36:55.087406+00:00
2,3907126,368,7,1,0,0,,2026-08-29T14:36:55.087406+00:00
2,3907126,565,8,1,0,0,,2026-08-29T14:36:55.087406+00:00
2,3907126,379,9,1,0,1,,2026-08-29T14:36:55.087406+00:00
2,3907126,411,10,2,1,0,,2026-08-29T14:36:55.087406+00:00
2,3907126,165,11,1,0,0,,2026-08-29T14:36:55.087406+00:00
2,3907126,496,12,0,0,0,,2026-08-29T14:36:55.087406+00:00
2,3907126,124,13,0,0,0,,2026-08-29T14:36:55.087406+00:00
2,3907126,173,14,0,0,0,,2026-08-29T14:36:55.087406+00:00
2,3907126,504,15,0,0,0,,2026-08-29T14:36:55.087406+00:00
2,3952680,384,1,1,0,0,,2026-08-29T14:36:55.087406+00:00
2,3952680,357,2,2,1,0,,2026-08-29T14:36:55.087406+00:00
2,3952680,10,3,1,0,0,,2026-08-29T14:36:55.087406+00:00
2,3952680,8,4,1,0,0,,2026-08-29T14:36:55.087406+00:00
2,3952680,154,5,1,0,1,,2026-08-29T14:36:55.087406+00:00
2,3952680,367,6,1,0,0,,2026-08-29T14:36:55.087406+00:00
2,3952680,557,7,1,0,0,,2026-08-29T14:36:55.087406+00:00
2,3952680,399,8,1,0,0,,2026-08-29T14:36:55.087406+00:00
2,3952680,397,9,1,0,0,,2026-08-29T14:36:55.087406+00:00
2,3952680,165,10,1,0,0,,2026-08-29T14:36:55.087406+00:00
2,3952680,379,11,1,0,0,,2026-08-29T14:36:55.087406+00:00
2,3952680,564,12,0,0,0,,2026-08-29T14:36:55.087406+00:00
2,3952680,142,13,0,0,0,,2026-08-29T14:36:55.087406+00:00
2,3952680,106,14,0,0,0,,2026-08-29T14:36:55.087406+00:00
2,3952680,115,15,0,0,0,,2026-08-29T14:36:55.087406+00:00
2,4490908,412,1,1,0,0,,2026-08-29T14:36:55.087406+00:00
2,4490908,423,2,1,0,0,,2026-08-29T14:36:55.087406+00:00
2,4490908,391,3,1,0,0,,2026-08-29T14:36:55.087406+00:00
2,4490908,10,4,1,0,0,,2026-08-29T14:36:55.087406+00:00
2,4490908,366,5,1,0,0,,2026-08-29T14:36:55.087406+00:00
2,4490908,15,6,1,0,0,,2026-08-29T14:36:55.087406+00:00
2,4490908,427,7,1,0,1,,2026-08-29T14:36:55.087406+00:00
2,4490908,398,8,1,0,0,,2026-08-29T14:36:55.087406+00:00
2,4490908,379,9,1,0,0,,2026-08-29T14:36:55.087406+00:00
2,4490908,411,10,2,1,0,,2026-08-29T14:36:55.087406+00:00
2,4490908,165,11,1,0,0,,2026-08-29T14:36:55.087406+00:00
2,4490908,109,12,0,0,0,,2026-08-29T14:36:55.087406+00:00
2,4490908,115,13,0,0,0,,2026-08-29T14:36:55.087406+00:00
2,4490908,534,14,0,0,0,,2026-08-29T14:36:55.087406+00:00
2,4490908,127,15,0,0,0,,2026-08-29T14:36:55.087406+00:00
2,5056968,110,1,1,0,0,wildcard,2026-08-29T14:36:55.087406+00:00
2,5056968,115,2,1,0,0,wildcard,2026-08-29T14:36:55.087406+00:00
2,5056968,356,3,1,0,0,wildcard,2026-08-29T14:36:55.087406+00:00
2,5056968,8,4,1,0,0,wildcard,2026-08-29T14:36:55.087406+00:00
2,5056968,391,5,1,0,0,wildcard,2026-08-29T14:36:55.087406+00:00
2,5056968,399,6,1,0,0,wildcard,2026-08-29T14:36:55.087406+00:00
2,5056968,15,7,1,0,0,wildcard,2026-08-29T14:36:55.087406+00:00
2,5056968,368,8,1,0,0,wildcard,2026-08-29T14:36:55.087406+00:00
2,5056968,426,9,1,0,1,wildcard,2026-08-29T14:36:55.087406+00:00
2,5056968,411,10,2,1,0,wildcard,2026-08-29T14:36:55.087406+00:00
2,5056968,165,11,1,0,0,wildcard,2026-08-29T14:36:55.087406+00:00
2,5056968,109,12,0,0,0,wildcard,2026-08-29T14:36:55.087406+00:00
2,5056968,290,13,0,0,0,wildcard,2026-08-29T14:36:55.087406+00:00
2,5056968,277,14,0,0,0,wildcard,2026-08-29T14:36:55.087406+00:00
2,5056968,321,15,0,0,0,wildcard,2026-08-29T14:36:55.087406+00:00
2,5594273,110,1,1,0,0,freehit,2026-08-29T14:36:55.087406+00:00
2,5594273,566,2,1,0,0,freehit,2026-08-29T14:36:55.087406+00:00
2,5594273,61,3,1,0,0,freehit,2026-08-29T14:36:55.087406+00:00
2,5594273,64,4,1,0,0,freehit,2026-08-29T14:36:55.087406+00:00
2,5594273,399,5,1,0,0,freehit,2026-08-29T14:36:55.087406+00:00
2,5594273,397,6,1,0,1,freehit,2026-08-29T14:36:55.087406+00:00
2,5594273,367,7,1,0,0,freehit,2026-08-29T14:36:55.087406+00:00
2,5594273,366,8,1,0,0,freehit,2026-08-29T14:36:55.087406+00:00
2,5594273,411,9,2,1,0,freehit,2026-08-29T14:36:55.087406+00:00
2,5594273,379,10,1,0,0,freehit,2026-08-29T14:36:55.087406+00:00
2,5594273,492,11,1,0,0,freehit,2026-08-29T14:36:55.087406+00:00
2,5594273,496,12,0,0,0,freehit,2026-08-29T14:36:55.087406+00:00
2,5594273,184,13,0,0,0,freehit,2026-08-29T14:36:55.087406+00:00
2,5594273,499,14,0,0,0,freehit,2026-08-29T14:36:55.087406+00:00
2,5594273,112,15,0,0,0,freehit,2026-08-29T14:36:55.087406+00:00
2,5951629,109,1,1,0,0,,2026-08-29T14:36:55.087406+00:00
2,5951629,391,2,1,0,0,,2026-08-29T14:36:55.087406+00:00
2,5951629,8,3,1,0,0,,2026-08-29T14:36:55.087406+00:00
2,5951629,10,4,1,0,0,,2026-08-29T14:36:55.087406+00:00
2,5951629,427,5,1,0,1,,2026-08-29T14:36:55.087406+00:00
2,5951629,237,6,1,0,0,,2026-08-29T14:36:55.087406+00:00
2,5951629,154,7,1,0,0,,2026-08-29T14:36:55.087406+00:00
2,5951629,398,8,1,0,0,,2026-08-29T14:36:55.087406+00:00
2,5951629,165,9,1,0,0,,2026-08-29T14:36:55.087406+00:00
2,5951629,411,10,2,1,0,,2026-08-29T14:36:55.087406+00:00
2,5951629,346,11,1,0,0,,2026-08-29T14:36:55.087406+00:00
2,5951629,496,12,0,0,0,,2026-08-29T14:36:55.087406+00:00
2,5951629,423,13,0,0,0,,2026-08-29T14:36:55.087406+00:00
2,5951629,123,14,0,0,0,,2026-08-29T14:36:55.087406+00:00
2,5951629,87,15,0,0,0,,2026-08-29T14:36:55.087406+00:00
2,6058298,109,1,1,0,0,,2026-08-29T14:36:55.087406+00:00
2,6058298,391,2,1,0,0,,2026-08-29T14:36:55.087406+00:00
2,6058298,8,3,1,0,0,,2026-08-29T14:36:55.087406+00:00
2,6058298,423,4,1,0,0,,2026-08-29T14:36:55.087406+00:00
2,6058298,15,5,1,0,0,,2026-08-29T14:36:55.087406+00:00
2,6058298,427,6,1,0,0,,2026-08-29T14:36:55.087406+00:00
2,6058298,557,7,1,0,0,,2026-08-29T14:36:55.087406+00:00
2,6058298,398,8,1,0,0,,2026-08-29T14:36:55.087406+00:00
2,6058298,165,9,1,0,0,,2026-08-29T14:36:55.087406+00:00
2,6058298,411,10,2,1,0,,2026-08-29T14:36:55.087406+00:00
2,6058298,379,11,1,0,1,,2026-08-29T14:36:55.087406+00:00
2,6058298,496,12,0,0,0,,2026-08-29T14:36:55.087406+00:00
2,6058298,237,13,0,0,0,,2026-08-29T14:36:55.087406+00:00
2,6058298,418,14,0,0,0,,2026-08-29T14:36:55.087406+00:00
2,6058298,115,15,0,0,0,,2026-08-29T14:36:55.087406+00:00
2,6672404,496,1,1,0,0,,2026-08-29T14:36:55.087406+00:00
2,6672404,4,2,1,0,1,,2026-08-29T14:36:55.087406+00:00
2,6672404,8,3,1,0,0,,2026-08-29T14:36:55.087406+00:00
2,6672404,391,4,1,0,0,,2026-08-29T14:36:55.087406+00:00
2,6672404,115,5,1,0,0,,2026-08-29T14:36:55.087406+00:00
2,6672404,368,6,1,0,0,,2026-08-29T14:36:55.087406+00:00
2,6672404,427,7,1,0,0,,2026-08-29T14:36:55.087406+00:00
2,6672404,557,8,1,0,0,,2026-08-29T14:36:55.087406+00:00
2,6672404,165,9,1,0,0,,2026-08-29T14:36:55.087406+00:00
2,6672404,411,10,2,1,0,,2026-08-29T14:36:55.087406+00:00
2,6672404,346,11,1,0,0,,2026-08-29T14:36:55.087406+00:00
2,6672404,109,12,0,0,0,,2026-08-29T14:36:55.087406+00:00
2,6672404,237,13,0,0,0,,2026-08-29T14:36:55.087406+00:00
2,6672404,418,14,0,0,0,,2026-08-29T14:36:55.087406+00:00
2,6672404,123,15,0,0,0,,2026-08-29T14:36:55.087406+00:00
2,6825348,496,1,1,0,0,,2026-08-29T14:36:55.087406+00:00
2,6825348,8,2,1,0,0,,2026-08-29T14:36:55.087406+00:00
2,6825348,423,3,1,0,0,,2026-08-29T14:36:55.087406+00:00
2,6825348,10,4,1,0,0,,2026-08-29T14:36:55.087406+00:00
2,6825348,391,5,1,0,0,,2026-08-29T14:36:55.087406+00:00
2,6825348,398,6,1,0,0,,2026-08-29T14:36:55.087406+00:00
2,6825348,427,7,1,0,0,,2026-08-29T14:36:55.087406+00:00
2,6825348,154,8,1,0,1,,2026-08-29T14:36:55.087406+00:00
2,6825348,411,9,2,1,0,,2026-08-29T14:36:55.087406+00:00
2,6825348,346,10,1,0,0,,2026-08-29T14:36:55.087406+00:00
2,6825348,165,11,1,0,0,,2026-08-29T14:36:55.087406+00:00
2,6825348,109,12,0,0,0,,2026-08-29T14:36:55.087406+00:00
2,6825348,237,13,0,0,0,,2026-08-29T14:36:55.087406+00:00
2,6825348,123,14,0,0,0,,2026-08-29T14:36:55.087406+00:00
2,6825348,87,15,0,0,0,,2026-08-29T14:36:55.087406+00:00
2,6966764,496,1,1,0,0,,2026-08-29T14:36:55.087406+00:00
2,6966764,10,2,1,0,0,,2026-08-29T14:36:55.087406+00:00
2,6966764,8,3,1,0,0,,2026-08-29T14:36:55.087406+00:00
2,6966764,391,4,1,0,0,,2026-08-29T14:36:55.087406+00:00
2,6966764,423,5,1,0,0,,2026-08-29T14:36:55.087406+00:00
2,6966764,427,6,1,0,0,,2026-08-29T14:36:55.087406+00:00
2,6966764,398,7,1,0,0,,2026-08-29T14:36:55.087406+00:00
2,6966764,154,8,1,0,0,,2026-08-29T14:36:55.087406+00:00
2,6966764,237,9,1,0,0,,2026-08-29T14:36:55.087406+00:00
2,6966764,165,10,1,0,1,,2026-08-29T14:36:55.087406+00:00
2,6966764,411,11,2,1,0,,2026-08-29T14:36:55.087406+00:00
2,6966764,109,12,0,0,0,,2026-08-29T14:36:55.087406+00:00
2,6966764,346,13,0,0,0,,2026-08-29T14:36:55.087406+00:00
2,6966764,87,14,0,0,0,,2026-08-29T14:36:55.087406+00:00
2,6966764,123,15,0,0,0,,2026-08-29T14:36:55.087406+00:00
2,7975769,1,1,1,0,0,,2026-08-29T14:36:55.087406+00:00
2,7975769,423,2,1,0,0,,2026-08-29T14:36:55.087406+00:00
2,7975769,87,3,1,0,0,,2026-08-29T14:36:55.087406+00:00
2,7975769,8,4,1,0,0,,2026-08-29T14:36:55.087406+00:00
2,7975769,367,5,1,0,0,,2026-08-29T14:36:55.087406+00:00
2,7975769,557,6,1,0,0,,2026-08-29T14:36:55.087406+00:00
2,7975769,397,7,1,0,0,,2026-08-29T14:36:55.087406+00:00
2,7975769,427,8,1,0,1,,2026-08-29T14:36:55.087406+00:00
2,7975769,368,9,1,0,0,,2026-08-29T14:36:55.087406+00:00
2,7975769,411,10,2,1,0,,2026-08-29T14:36:55.087406+00:00
2,7975769,165,11,1,0,0,,2026-08-29T14:36:55.087406+00:00
2,7975769,109,12,0,0,0,,2026-08-29T14:36:55.087406+00:00
2,7975769,115,13,0,0,0,,2026-08-29T14:36:55.087406+00:00
2,7975769,329,14,0,0,0,,2026-08-29T14:36:55.087406+00:00
2,7975769,346,15,0,0,0,,2026-08-29T14:36:55.087406+00:00
2,8347145,496,1,1,0,0,,2026-08-29T14:36:55.087406+00:00
2,8347145,4,2,1,0,0,,2026-08-29T14:36:55.087406+00:00
2,8347145,8,3,1,0,0,,2026-08-29T14:36:55.087406+00:00
2,8347145,423,4,1,0,0,,2026-08-29T14:36:55.087406+00:00
2,8347145,15,5,1,0,1,,2026-08-29T14:36:55.087406+00:00
2,8347145,368,6,1,0,0,,2026-08-29T14:36:55.087406+00:00
2,8347145,399,7,1,0,0,,2026-08-29T14:36:55.087406+00:00
2,8347145,94,8,1,0,0,,2026-08-29T14:36:55.087406+00:00
2,8347145,428,9,1,0,0,,2026-08-29T14:36:55.087406+00:00
2,8347145,411,10,2,1,0,,2026-08-29T14:36:55.087406+00:00
2,8347145,165,11,1,0,0,,2026-08-29T14:36:55.087406+00:00
2,8347145,109,12,0,0,0,,2026-08-29T14:36:55.087406+00:00
2,8347145,88,13,0,0,0,,2026-08-29T14:36:55.087406+00:00
2,8347145,346,14,0,0,0,,2026-08-29T14:36:55.087406+00:00
2,8347145,207,15,0,0,0,,2026-08-29T14:36:55.087406+00:00
2,8560605,496,1,1,0,0,,2026-08-29T14:36:55.087406+00:00
2,8560605,152,2,1,0,0,,2026-08-29T14:36:55.087406+00:00
2,8560605,115,3,1,0,0,,2026-08-29T14:36:55.087406+00:00
2,8560605,8,4,1,0,0,,2026-08-29T14:36:55.087406+00:00
2,8560605,15,5,1,0,0,,2026-08-29T14:36:55.087406+00:00
2,8560605,368,6,1,0,0,,2026-08-29T14:36:55.087406+00:00
2,8560605,366,7,1,0,0,,2026-08-29T14:36:55.087406+00:00
2,8560605,397,8,1,0,0,,2026-08-29T14:36:55.087406+00:00
2,8560605,411,9,2,1,0,,2026-08-29T14:36:55.087406+00:00
2,8560605,165,10,1,0,0,,2026-08-29T14:36:55.087406+00:00
2,8560605,26,11,1,0,1,,2026-08-29T14:36:55.087406+00:00
2,8560605,82,12,0,0,0,,2026-08-29T14:36:55.087406+00:00
2,8560605,237,13,0,0,0,,2026-08-29T14:36:55.087406+00:00
2,8560605,332,14,0,0,0,,2026-08-29T14:36:55.087406+00:00
2,8560605,88,15,0,0,0,,2026-08-29T14:36:55.087406+00:00
